{
  "apiRoutes": [
    {
      "file": "_expo/functions/api/human-stats+api.js",
      "page": "/api/human-stats",
      "namedRegex": "^/api/human\\-stats(?:/)?$",
      "routeKeys": {}
    }
  ],
  "htmlRoutes": [
    {
      "file": "./index.tsx",
      "page": "/index",
      "namedRegex": "^/(?:/)?$",
      "routeKeys": {}
    },
    {
      "file": "./nfts.tsx",
      "page": "/nfts",
      "namedRegex": "^/nfts(?:/)?$",
      "routeKeys": {}
    },
    {
      "file": "./impact.tsx",
      "page": "/impact",
      "namedRegex": "^/impact(?:/)?$",
      "routeKeys": {}
    },
    {
      "file": "./canvas.tsx",
      "page": "/canvas",
      "namedRegex": "^/canvas(?:/)?$",
      "routeKeys": {}
    },
    {
      "file": "./profile.tsx",
      "page": "/profile",
      "namedRegex": "^/profile(?:/)?$",
      "routeKeys": {}
    },
    {
      "file": "expo-router/build/views/Sitemap.js",
      "page": "/_sitemap",
      "namedRegex": "^/_sitemap(?:/)?$",
      "routeKeys": {},
      "generated": true
    },
    {
      "file": "./pdf-download.tsx",
      "page": "/pdf-download",
      "namedRegex": "^/pdf\\-download(?:/)?$",
      "routeKeys": {}
    }
  ],
  "notFoundRoutes": [
    {
      "file": "expo-router/build/views/Unmatched.js",
      "page": "/+not-found",
      "namedRegex": "^(?:/(?<notfound>.+?))?(?:/)?$",
      "routeKeys": {
        "notfound": "not-found"
      },
      "generated": true
    }
  ],
  "redirects": [],
  "rewrites": []
}